{"v":"5.7.6","fr":60,"ip":0,"op":123,"w":153,"h":115,"nm":"btn / 40px","ddd":0,"assets":[],"fonts":{"list":[{"fName":"Inter-SemiBold","fFamily":"Inter","fStyle":"Semi Bold","ascent":72.7264404296875}]},"layers":[{"ddd":0,"ind":1,"ty":4,"nm":"Shape Layer 2","parent":4,"sr":1,"ks":{"o":{"a":0,"k":100,"ix":11},"r":{"a":0,"k":0,"ix":10},"p":{"a":0,"k":[0.5,-15.5,0],"ix":2,"l":2},"a":{"a":0,"k":[0.5,-15.5,0],"ix":1,"l":2},"s":{"a":0,"k":[100,100,100],"ix":6,"l":2}},"ao":0,"shapes":[{"ty":"gr","it":[{"ind":0,"ty":"sh","ix":1,"ks":{"a":0,"k":{"i":[[-3.348,-15.25],[15.25,-8.422],[8.422,15.25],[-15.875,7.688],[-11.359,-8.749],[-4.978,-0.511]],"o":[[8.422,-15.25],[15.25,8.422],[-8.422,15.25],[-14.625,-7.688],[-11.359,-8.749],[-4.978,-0.511]],"v":[[0,-15.25],[15.25,0],[0,15.25],[-15.25,0],[-11.359,-8.749],[-4.978,-0.511]],"c":false},"ix":2},"nm":"Path 1","mn":"ADBE Vector Shape - Group","hd":false,"_render":true},{"ty":"st","c":{"a":0,"k":[0.9961,0.9608,0.7412,1],"ix":3},"o":{"a":0,"k":100,"ix":4},"w":{"a":0,"k":3,"ix":5},"lc":2,"lj":2,"bm":0,"nm":"Stroke 1","mn":"ADBE Vector Graphic - Stroke","hd":false,"_render":true},{"ty":"tr","p":{"a":0,"k":[0.5,-0.25],"ix":2},"a":{"a":0,"k":[0,0],"ix":1},"s":{"a":0,"k":[100,100],"ix":3},"r":{"a":0,"k":0,"ix":6},"o":{"a":0,"k":100,"ix":7},"sk":{"a":0,"k":0,"ix":4},"sa":{"a":0,"k":0,"ix":5},"nm":"Transform","_render":true}],"nm":"Ellipse 1","np":3,"cix":2,"bm":0,"ix":1,"mn":"ADBE Vector Group","hd":false,"_render":true},{"ty":"tm","s":{"a":1,"k":[{"i":{"x":[0.667],"y":[1]},"o":{"x":[0.333],"y":[0]},"t":18,"s":[0]},{"t":38,"s":[100]}],"ix":1},"e":{"a":1,"k":[{"i":{"x":[0.667],"y":[1]},"o":{"x":[0.333],"y":[0]},"t":29,"s":[0]},{"t":44,"s":[100]}],"ix":2},"o":{"a":0,"k":0,"ix":3},"m":1,"ix":2,"nm":"Trim Paths 1","mn":"ADBE Vector Filter - Trim","hd":false,"_render":true}],"ip":0,"op":3240,"st":0,"bm":0,"completed":true},{"ddd":0,"ind":2,"ty":4,"nm":"Shape Layer 1","parent":4,"sr":1,"ks":{"o":{"a":0,"k":100,"ix":11},"r":{"a":0,"k":0,"ix":10},"p":{"a":0,"k":[0,0,0],"ix":2,"l":2},"a":{"a":0,"k":[0,0,0],"ix":1,"l":2},"s":{"a":0,"k":[100,100,100],"ix":6,"l":2}},"ao":0,"shapes":[{"ty":"gr","it":[{"ind":0,"ty":"sh","ix":1,"ks":{"a":0,"k":{"i":[[-4.25,-0.375],[0,5.125],[6.375,-7.375]],"o":[[-4.25,-0.375],[0,5.125],[6.375,-7.375]],"v":[[-4.25,-0.375],[0,5.125],[6.375,-7.375]],"c":false},"ix":2},"nm":"Path 1","mn":"ADBE Vector Shape - Group","hd":false,"_render":true},{"ty":"tm","s":{"a":0,"k":0,"ix":1},"e":{"a":1,"k":[{"i":{"x":[0.667],"y":[1]},"o":{"x":[0.333],"y":[0]},"t":38,"s":[0]},{"t":53,"s":[100]}],"ix":2},"o":{"a":0,"k":0,"ix":3},"m":1,"ix":2,"nm":"Trim Paths 1","mn":"ADBE Vector Filter - Trim","hd":false,"_render":true},{"ty":"st","c":{"a":0,"k":[0.9961,0.9608,0.7412,1],"ix":3},"o":{"a":0,"k":100,"ix":4},"w":{"a":0,"k":3,"ix":5},"lc":2,"lj":2,"bm":0,"nm":"Stroke 1","mn":"ADBE Vector Graphic - Stroke","hd":false,"_render":true},{"ty":"tr","p":{"a":0,"k":[0,0],"ix":2},"a":{"a":0,"k":[0,0],"ix":1},"s":{"a":0,"k":[100,100],"ix":3},"r":{"a":0,"k":0,"ix":6},"o":{"a":0,"k":100,"ix":7},"sk":{"a":0,"k":0,"ix":4},"sa":{"a":0,"k":0,"ix":5},"nm":"Transform","_render":true}],"nm":"Shape 1","np":4,"cix":2,"bm":0,"ix":1,"mn":"ADBE Vector Group","hd":false,"_render":true}],"ip":0,"op":3240,"st":0,"bm":0,"completed":true},{"ddd":0,"ind":3,"ty":5,"nm":"Primary","sr":1,"ks":{"o":{"a":1,"k":[{"i":{"x":[0.833],"y":[0.833]},"o":{"x":[0.167],"y":[0.167]},"t":11,"s":[100]},{"t":20,"s":[0]}],"ix":11},"r":{"a":0,"k":0,"ix":10},"p":{"a":0,"k":[75.233,56.07,0],"ix":2,"l":2},"a":{"a":0,"k":[0.233,-3.597,0],"ix":1,"l":2},"s":{"a":0,"k":[100,100,100],"ix":6,"l":2}},"ao":0,"t":{"d":{"k":[{"s":{"sz":[40.7999992370605,19],"ps":[-20.3999996185303,-9.5],"s":16,"f":"Inter-SemiBold","t":"Done","ca":0,"j":2,"tr":0,"lh":19.2,"ls":0,"fc":[0.9961,0.9608,0.7412,1]},"t":0}]},"p":{},"m":{"g":1,"a":{"a":0,"k":[0,0],"ix":2}},"a":[]},"ip":0,"op":3240,"st":0,"bm":0,"completed":true},{"ddd":0,"ind":4,"ty":4,"nm":"btn / 40px","sr":1,"ks":{"o":{"a":0,"k":100,"ix":11},"r":{"a":0,"k":0,"ix":10},"p":{"a":0,"k":[75,57,0],"ix":2,"l":2},"a":{"a":0,"k":[0,0,0],"ix":1,"l":2},"s":{"a":1,"k":[{"i":{"x":[0.39,0.39,0.667],"y":[1,1,1]},"o":{"x":[0.333,0.333,0.333],"y":[0,0,0]},"t":26,"s":[100,100,100]},{"i":{"x":[0.104,0.104,0.667],"y":[1,1,1]},"o":{"x":[0.333,0.333,0.333],"y":[0,0,0]},"t":47,"s":[81,81,100]},{"t":88,"s":[100,100,100]}],"ix":6,"l":2}},"ao":0,"shapes":[{"ty":"gr","it":[{"ind":0,"ty":"sh","ix":1,"ks":{"a":1,"k":[{"i":{"x":0.19,"y":1},"o":{"x":0.81,"y":0},"t":0,"s":[{"i":[[50,-11.046],[41.046,20],[-30,20],[-42.229,16.924999999999997],[-50,4.572],[-41.046,-20],[30,-20]],"o":[[50,11.046],[30,20],[-36.474000000000004,20],[-48.466,8.786],[-50,-11.046],[-30,-20],[41.046,-20]],"v":[[50,0],[30,20],[-30,20],[-45.884,12.155],[-50,0],[-30,-20],[30,-20]],"c":true}]},{"i":{"x":0.833,"y":1},"o":{"x":0.81,"y":0},"t":30,"s":[{"i":[[20.75,-11.046],[11.796,20],[0.5,20],[-11.729000000000001,16.924999999999997],[-19.5,4.572],[-10.546,-20],[0.75,-20]],"o":[[20.75,11.046],[0.75,20],[-5.974,20],[-17.966,8.786],[-19.5,-11.046],[0.5,-20],[11.796,-20]],"v":[[20.75,0],[0.75,20],[0.5,20],[-15.384,12.155],[-19.5,0],[0.5,-20],[0.75,-20]],"c":true}]},{"i":{"x":0.19,"y":1},"o":{"x":0.167,"y":0},"t":51,"s":[{"i":[[24.468999999999998,-16.67],[22.195,24.817],[10.899,24.817],[-10.231000000000002,22.887999999999998],[-28.064,-0.06200000000000028],[-7.341,-34.104],[1.973,-29.023]],"o":[[20.182,3.9320000000000004],[11.149,24.817],[4.685999999999999,24.817],[-26.085,10.206],[-28.064,-15.94],[1.723,-29.023],[12.234,-23.857]],"v":[[22.432,-6.882],[11.149,24.817],[10.899,24.817],[-19.149,15.754],[-28.064,-4.894],[1.723,-29.023],[1.973,-29.023]],"c":true}]},{"t":65,"s":[{"i":[[20.75,-11.046],[11.796,20],[0.5,20],[-11.729000000000001,16.924999999999997],[-19.5,4.572],[-10.546,-20],[0.75,-20]],"o":[[20.75,11.046],[0.75,20],[-5.974,20],[-17.966,8.786],[-19.5,-11.046],[0.5,-20],[11.796,-20]],"v":[[20.75,0],[0.75,20],[0.5,20],[-15.384,12.155],[-19.5,0],[0.5,-20],[0.75,-20]],"c":true}]}],"ix":2},"nm":"Path 1","mn":"ADBE Vector Shape - Group","hd":false,"_render":true},{"ty":"fl","c":{"a":0,"k":[1,0.5569,0.2275,1],"ix":4},"o":{"a":0,"k":100,"ix":5},"r":1,"bm":0,"nm":"Fill 1","mn":"ADBE Vector Graphic - Fill","hd":false,"_render":true},{"ty":"tr","p":{"a":0,"k":[0,0],"ix":2},"a":{"a":0,"k":[0,0],"ix":1},"s":{"a":0,"k":[100,100],"ix":3},"r":{"a":0,"k":0,"ix":6},"o":{"a":0,"k":100,"ix":7},"sk":{"a":0,"k":0,"ix":4},"sa":{"a":0,"k":0,"ix":5},"nm":"Transform","_render":true}],"nm":"btn / 40px","np":2,"cix":2,"bm":0,"ix":1,"mn":"ADBE Vector Group","hd":false,"_render":true}],"ip":0,"op":3240,"st":0,"bm":0,"completed":true},{"ddd":0,"ind":5,"ty":4,"nm":"Shape Layer 7","sr":1,"ks":{"o":{"a":0,"k":100,"ix":11},"r":{"a":0,"k":0,"ix":10},"p":{"a":1,"k":[{"i":{"x":0.2,"y":1},"o":{"x":0.333,"y":0},"t":30,"s":[75.625,57.75,0],"to":null,"ti":null},{"i":{"x":0.19,"y":0.19},"o":{"x":0.297,"y":0.297},"t":53,"s":[76.375,26.75,0],"to":null,"ti":null},{"i":{"x":0.19,"y":1},"o":{"x":0.81,"y":0},"t":56,"s":[76.375,26.75,0],"to":[-0.125,5.167,0],"ti":[0.048,-1.996,0]},{"t":75,"s":[75.625,57.75,0]}],"ix":2,"l":2},"a":{"a":0,"k":[29.875,1.625,0],"ix":1,"l":2},"s":{"a":1,"k":[{"i":{"x":[0.2,0.2,0.2],"y":[1,1,1]},"o":{"x":[0.333,0.333,0.333],"y":[0,0,0]},"t":30,"s":[0,0,100]},{"i":{"x":[0.19,0.19,0.19],"y":[1,1,1]},"o":{"x":[0.297,0.297,0.297],"y":[0,0,0]},"t":53,"s":[50,50,100]},{"i":{"x":[0.19,0.19,0.19],"y":[1,1,1]},"o":{"x":[0.81,0.81,0.81],"y":[0,0,0]},"t":56,"s":[50,50,100]},{"t":75,"s":[0,0,100]}],"ix":6,"l":2}},"ao":0,"shapes":[{"ty":"gr","it":[{"d":1,"ty":"el","s":{"a":0,"k":[6.25,6.25],"ix":2},"p":{"a":0,"k":[0,0],"ix":3},"nm":"Ellipse Path 1","mn":"ADBE Vector Shape - Ellipse","hd":false,"_render":true},{"ty":"fl","c":{"a":0,"k":[1,0.5569,0.2275,1],"ix":4},"o":{"a":0,"k":100,"ix":5},"r":1,"bm":0,"nm":"Fill 1","mn":"ADBE Vector Graphic - Fill","hd":false,"_render":true},{"ty":"tr","p":{"a":0,"k":[29.875,1.625],"ix":2},"a":{"a":0,"k":[0,0],"ix":1},"s":{"a":0,"k":[100,100],"ix":3},"r":{"a":0,"k":0,"ix":6},"o":{"a":0,"k":100,"ix":7},"sk":{"a":0,"k":0,"ix":4},"sa":{"a":0,"k":0,"ix":5},"nm":"Transform","_render":true}],"nm":"Ellipse 1","np":3,"cix":2,"bm":0,"ix":1,"mn":"ADBE Vector Group","hd":false,"_render":true}],"ip":0,"op":3240,"st":0,"bm":0,"completed":true},{"ddd":0,"ind":6,"ty":4,"nm":"Shape Layer 6","sr":1,"ks":{"o":{"a":0,"k":100,"ix":11},"r":{"a":0,"k":0,"ix":10},"p":{"a":1,"k":[{"i":{"x":0.2,"y":1},"o":{"x":0.333,"y":0},"t":33,"s":[76.375,57,0],"to":[3.458,4.417,0],"ti":[0,0,0]},{"i":{"x":0.19,"y":0.19},"o":{"x":0.297,"y":0.297},"t":56,"s":[97.125,83.5,0],"to":null,"ti":null},{"i":{"x":0.19,"y":1},"o":{"x":0.81,"y":0},"t":59,"s":[97.125,83.5,0],"to":[-3.458,-4.417,0],"ti":[1.336,1.707,0]},{"t":78,"s":[76.375,57,0]}],"ix":2,"l":2},"a":{"a":0,"k":[29.875,1.625,0],"ix":1,"l":2},"s":{"a":1,"k":[{"i":{"x":[0.2,0.2,0.2],"y":[1,1,1]},"o":{"x":[0.333,0.333,0.333],"y":[0,0,0]},"t":33,"s":[0,0,100]},{"i":{"x":[0.19,0.19,0.19],"y":[1,1,1]},"o":{"x":[0.297,0.297,0.297],"y":[0,0,0]},"t":56,"s":[89,89,100]},{"i":{"x":[0.19,0.19,0.19],"y":[1,1,1]},"o":{"x":[0.81,0.81,0.81],"y":[0,0,0]},"t":59,"s":[89,89,100]},{"t":78,"s":[0,0,100]}],"ix":6,"l":2}},"ao":0,"shapes":[{"ty":"gr","it":[{"d":1,"ty":"el","s":{"a":0,"k":[6.25,6.25],"ix":2},"p":{"a":0,"k":[0,0],"ix":3},"nm":"Ellipse Path 1","mn":"ADBE Vector Shape - Ellipse","hd":false,"_render":true},{"ty":"fl","c":{"a":0,"k":[1,0.5569,0.2275,1],"ix":4},"o":{"a":0,"k":100,"ix":5},"r":1,"bm":0,"nm":"Fill 1","mn":"ADBE Vector Graphic - Fill","hd":false,"_render":true},{"ty":"tr","p":{"a":0,"k":[29.875,1.625],"ix":2},"a":{"a":0,"k":[0,0],"ix":1},"s":{"a":0,"k":[100,100],"ix":3},"r":{"a":0,"k":0,"ix":6},"o":{"a":0,"k":100,"ix":7},"sk":{"a":0,"k":0,"ix":4},"sa":{"a":0,"k":0,"ix":5},"nm":"Transform","_render":true}],"nm":"Ellipse 1","np":3,"cix":2,"bm":0,"ix":1,"mn":"ADBE Vector Group","hd":false,"_render":true}],"ip":3,"op":3243,"st":3,"bm":0,"completed":true},{"ddd":0,"ind":7,"ty":4,"nm":"Shape Layer 5","sr":1,"ks":{"o":{"a":0,"k":100,"ix":11},"r":{"a":0,"k":0,"ix":10},"p":{"a":1,"k":[{"i":{"x":0.2,"y":1},"o":{"x":0.333,"y":0},"t":36,"s":[74.625,56.5,0],"to":[-4.625,-1.542,0],"ti":[0,0,0]},{"i":{"x":0.19,"y":0.19},"o":{"x":0.297,"y":0.297},"t":59,"s":[46.875,47.25,0],"to":null,"ti":null},{"i":{"x":0.19,"y":1},"o":{"x":0.81,"y":0},"t":62,"s":[46.875,47.25,0],"to":[4.625,1.542,0],"ti":[-1.787,-0.596,0]},{"t":81,"s":[74.625,56.5,0]}],"ix":2,"l":2},"a":{"a":0,"k":[29.875,1.625,0],"ix":1,"l":2},"s":{"a":1,"k":[{"i":{"x":[0.2,0.2,0.2],"y":[1,1,1]},"o":{"x":[0.333,0.333,0.333],"y":[0,0,0]},"t":36,"s":[0,0,100]},{"i":{"x":[0.19,0.19,0.19],"y":[1,1,1]},"o":{"x":[0.297,0.297,0.297],"y":[0,0,0]},"t":59,"s":[89,89,100]},{"i":{"x":[0.19,0.19,0.19],"y":[1,1,1]},"o":{"x":[0.81,0.81,0.81],"y":[0,0,0]},"t":62,"s":[89,89,100]},{"t":81,"s":[0,0,100]}],"ix":6,"l":2}},"ao":0,"shapes":[{"ty":"gr","it":[{"d":1,"ty":"el","s":{"a":0,"k":[6.25,6.25],"ix":2},"p":{"a":0,"k":[0,0],"ix":3},"nm":"Ellipse Path 1","mn":"ADBE Vector Shape - Ellipse","hd":false,"_render":true},{"ty":"fl","c":{"a":0,"k":[1,0.5569,0.2275,1],"ix":4},"o":{"a":0,"k":100,"ix":5},"r":1,"bm":0,"nm":"Fill 1","mn":"ADBE Vector Graphic - Fill","hd":false,"_render":true},{"ty":"tr","p":{"a":0,"k":[29.875,1.625],"ix":2},"a":{"a":0,"k":[0,0],"ix":1},"s":{"a":0,"k":[100,100],"ix":3},"r":{"a":0,"k":0,"ix":6},"o":{"a":0,"k":100,"ix":7},"sk":{"a":0,"k":0,"ix":4},"sa":{"a":0,"k":0,"ix":5},"nm":"Transform","_render":true}],"nm":"Ellipse 1","np":3,"cix":2,"bm":0,"ix":1,"mn":"ADBE Vector Group","hd":false,"_render":true}],"ip":6,"op":3246,"st":6,"bm":0,"completed":true},{"ddd":0,"ind":8,"ty":4,"nm":"Shape Layer 4","sr":1,"ks":{"o":{"a":0,"k":100,"ix":11},"r":{"a":0,"k":0,"ix":10},"p":{"a":1,"k":[{"i":{"x":0.2,"y":1},"o":{"x":0.333,"y":0},"t":39,"s":[75.375,56.5,0],"to":[-4.417,3.292,0],"ti":[0,0,0]},{"i":{"x":0.19,"y":0.19},"o":{"x":0.297,"y":0.297},"t":62,"s":[48.875,76.25,0],"to":null,"ti":null},{"i":{"x":0.19,"y":1},"o":{"x":0.81,"y":0},"t":65,"s":[48.875,76.25,0],"to":[4.417,-3.292,0],"ti":[-1.707,1.272,0]},{"t":84,"s":[75.375,56.5,0]}],"ix":2,"l":2},"a":{"a":0,"k":[29.875,1.625,0],"ix":1,"l":2},"s":{"a":1,"k":[{"i":{"x":[0.2,0.2,0.2],"y":[1,1,1]},"o":{"x":[0.333,0.333,0.333],"y":[0,0,0]},"t":39,"s":[0,0,100]},{"i":{"x":[0.19,0.19,0.19],"y":[1,1,1]},"o":{"x":[0.297,0.297,0.297],"y":[0,0,0]},"t":62,"s":[56,56,100]},{"i":{"x":[0.19,0.19,0.19],"y":[1,1,1]},"o":{"x":[0.81,0.81,0.81],"y":[0,0,0]},"t":65,"s":[56,56,100]},{"t":84,"s":[0,0,100]}],"ix":6,"l":2}},"ao":0,"shapes":[{"ty":"gr","it":[{"d":1,"ty":"el","s":{"a":0,"k":[6.25,6.25],"ix":2},"p":{"a":0,"k":[0,0],"ix":3},"nm":"Ellipse Path 1","mn":"ADBE Vector Shape - Ellipse","hd":false,"_render":true},{"ty":"fl","c":{"a":0,"k":[1,0.5569,0.2275,1],"ix":4},"o":{"a":0,"k":100,"ix":5},"r":1,"bm":0,"nm":"Fill 1","mn":"ADBE Vector Graphic - Fill","hd":false,"_render":true},{"ty":"tr","p":{"a":0,"k":[29.875,1.625],"ix":2},"a":{"a":0,"k":[0,0],"ix":1},"s":{"a":0,"k":[100,100],"ix":3},"r":{"a":0,"k":0,"ix":6},"o":{"a":0,"k":100,"ix":7},"sk":{"a":0,"k":0,"ix":4},"sa":{"a":0,"k":0,"ix":5},"nm":"Transform","_render":true}],"nm":"Ellipse 1","np":3,"cix":2,"bm":0,"ix":1,"mn":"ADBE Vector Group","hd":false,"_render":true}],"ip":9,"op":3249,"st":9,"bm":0,"completed":true},{"ddd":0,"ind":9,"ty":4,"nm":"Shape Layer 3","sr":1,"ks":{"o":{"a":0,"k":100,"ix":11},"r":{"a":0,"k":0,"ix":10},"p":{"a":1,"k":[{"i":{"x":0.2,"y":1},"o":{"x":0.333,"y":0},"t":42,"s":[75.125,57.875,0],"to":[4.625,-2.042,0],"ti":[0,0,0]},{"i":{"x":0.19,"y":0.19},"o":{"x":0.297,"y":0.297},"t":65,"s":[102.875,45.625,0],"to":null,"ti":null},{"i":{"x":0.19,"y":1},"o":{"x":0.81,"y":0},"t":68,"s":[102.875,45.625,0],"to":[-4.625,2.042,0],"ti":[1.787,-0.789,0]},{"t":87,"s":[75.125,57.875,0]}],"ix":2,"l":2},"a":{"a":0,"k":[29.875,1.625,0],"ix":1,"l":2},"s":{"a":1,"k":[{"i":{"x":[0.2,0.2,0.2],"y":[1,1,1]},"o":{"x":[0.333,0.333,0.333],"y":[0,0,0]},"t":42,"s":[0,0,100]},{"i":{"x":[0.19,0.19,0.19],"y":[1,1,1]},"o":{"x":[0.297,0.297,0.297],"y":[0,0,0]},"t":65,"s":[100,100,100]},{"i":{"x":[0.19,0.19,0.19],"y":[1,1,1]},"o":{"x":[0.81,0.81,0.81],"y":[0,0,0]},"t":68,"s":[100,100,100]},{"t":87,"s":[0,0,100]}],"ix":6,"l":2}},"ao":0,"shapes":[{"ty":"gr","it":[{"d":1,"ty":"el","s":{"a":0,"k":[6.25,6.25],"ix":2},"p":{"a":0,"k":[0,0],"ix":3},"nm":"Ellipse Path 1","mn":"ADBE Vector Shape - Ellipse","hd":false,"_render":true},{"ty":"fl","c":{"a":0,"k":[1,0.5569,0.2275,1],"ix":4},"o":{"a":0,"k":100,"ix":5},"r":1,"bm":0,"nm":"Fill 1","mn":"ADBE Vector Graphic - Fill","hd":false,"_render":true},{"ty":"tr","p":{"a":0,"k":[29.875,1.625],"ix":2},"a":{"a":0,"k":[0,0],"ix":1},"s":{"a":0,"k":[100,100],"ix":3},"r":{"a":0,"k":0,"ix":6},"o":{"a":0,"k":100,"ix":7},"sk":{"a":0,"k":0,"ix":4},"sa":{"a":0,"k":0,"ix":5},"nm":"Transform","_render":true}],"nm":"Ellipse 1","np":3,"cix":2,"bm":0,"ix":1,"mn":"ADBE Vector Group","hd":false,"_render":true}],"ip":12,"op":3252,"st":12,"bm":0,"completed":true}],"markers":[],"chars":[{"ch":"D","size":16,"style":"Semi Bold","w":72.44,"data":{"shapes":[{"ty":"gr","it":[{"ind":0,"ty":"sh","ix":1,"ks":{"a":0,"k":{"i":[[51.521,-3.226],[67.116,-25.048000000000002],[64.027,-56.628],[43.158,-72.727],[7.173,-72.727],[7.173,0],[31.818,0]],"o":[[63.997,-16.128],[67.116,-47.751000000000005],[51.669,-69.507],[32.315,-72.727],[7.173,-72.727],[7.173,0],[42.874,0]],"v":[[57.759,-9.677],[67.116,-36.435],[57.848,-63.068],[32.315,-72.727],[7.173,-72.727],[7.173,0],[31.818,0]],"c":true},"ix":2},"nm":"D","mn":"ADBE Vector Shape - Group","hd":false,"_render":true},{"ind":1,"ty":"sh","ix":2,"ks":{"a":0,"k":{"i":[[20.348,-61.328],[31.57,-61.328],[44.578,-59.251],[54.048,-44.721000000000004],[46.425,-11.399],[20.348,-11.399]],"o":[[20.348,-61.328],[38.980000000000004,-61.328],[52.153999999999996,-50.940999999999995],[54.048,-19.745],[31.179,-11.399],[20.348,-11.399]],"v":[[20.348,-61.328],[31.57,-61.328],[48.366,-55.096],[54.048,-36.435],[31.179,-11.399],[20.348,-11.399]],"c":true},"ix":2},"nm":"D","mn":"ADBE Vector Shape - Group","hd":false,"_render":true},{"p":{"k":[0,0],"a":0},"s":{"k":[16,16],"a":0},"a":{"k":[0,0],"a":0},"r":{"k":0,"a":0},"o":{"k":100,"a":0},"sk":{"k":0,"a":0},"sa":{"k":0,"a":0},"ty":"tr","_render":true}],"nm":"D","np":5,"cix":2,"bm":0,"ix":1,"mn":"ADBE Vector Group","hd":false,"_render":true},{"ty":"no","_render":true}],"ip":0,"op":99999,"st":0,"sr":1,"ks":{"p":{"k":[0,0],"a":0},"s":{"k":[100,100],"a":0},"a":{"k":[0,0],"a":0},"r":{"k":0,"a":0},"o":{"k":100,"a":0}}},"fFamily":"Inter"},{"ch":"o","size":16,"style":"Semi Bold","w":60.79,"data":{"shapes":[{"ty":"gr","it":[{"ind":0,"ty":"sh","ix":1,"ks":{"a":0,"k":{"i":[[51.237,-8.055],[56.534,-21.473],[55.474000000000004,-37.571],[48.194,-49.396],[35.653999999999996,-55.256],[20.531,-54.084],[9.558,-46.093],[4.261,-32.647],[5.321,-16.554],[12.599999999999998,-4.765],[25.142,1.065],[40.263,-0.10099999999999998]],"o":[[55.474000000000004,-16.554],[56.534,-32.647],[51.237,-46.093],[40.263,-54.084],[25.142,-55.256],[12.599999999999998,-49.396],[5.321,-37.571],[4.261,-21.473],[9.558,-8.055],[20.531,-0.10099999999999998],[35.653999999999996,1.065],[48.194,-4.765]],"v":[[53.356,-12.305],[56.534,-27.06],[53.356,-41.832],[44.229,-51.74],[30.398,-55.256],[16.566,-51.74],[7.44,-41.832],[4.261,-27.06],[7.44,-12.305],[16.566,-2.433],[30.398,1.065],[44.229,-2.433]],"c":true},"ix":2},"nm":"o","mn":"ADBE Vector Shape - Group","hd":false,"_render":true},{"ind":1,"ty":"sh","ix":2,"ks":{"a":0,"k":{"i":[[25.165,-10.038],[19.660999999999998,-15.381999999999998],[17.294,-23.686],[17.572000000000003,-31.970999999999997],[19.496,-38.174],[23.005,-42.725],[28.314,-45.064],[35.694,-44.248],[41.163,-38.837],[43.501,-30.503999999999998],[43.028000000000006,-20.660999999999998],[39.666999999999994,-13.258],[33.286,-9.233]],"o":[[21.141,-13.258],[17.767,-20.660999999999998],[17.294,-29.628],[18.685000000000002,-36.28],[21.626,-41.442],[26.39,-44.596000000000004],[33.286,-45.064],[39.695,-40.98],[43.034,-33.534],[43.501,-23.686],[41.134,-15.381999999999998],[35.689,-10.038],[27.604,-9.233]],"v":[[23.153,-11.648],[18.714,-18.022],[17.294,-27.095],[18.129,-34.126],[20.561,-39.808],[24.698,-43.661],[30.469,-45.064],[37.695,-42.614],[42.099,-36.186],[43.501,-27.095],[42.081,-18.022],[37.678,-11.648],[30.469,-9.233]],"c":true},"ix":2},"nm":"o","mn":"ADBE Vector Shape - Group","hd":false,"_render":true},{"p":{"k":[0,0],"a":0},"s":{"k":[16,16],"a":0},"a":{"k":[0,0],"a":0},"r":{"k":0,"a":0},"o":{"k":100,"a":0},"sk":{"k":0,"a":0},"sa":{"k":0,"a":0},"ty":"tr","_render":true}],"nm":"o","np":5,"cix":2,"bm":0,"ix":1,"mn":"ADBE Vector Group","hd":false,"_render":true},{"ty":"no","_render":true}],"ip":0,"op":99999,"st":0,"sr":1,"ks":{"p":{"k":[0,0],"a":0},"s":{"k":[100,100],"a":0},"a":{"k":[0,0],"a":0},"r":{"k":0,"a":0},"o":{"k":100,"a":0}}},"fFamily":"Inter"},{"ch":"n","size":16,"style":"Semi Bold","w":60.97,"data":{"shapes":[{"ty":"gr","it":[{"ind":0,"ty":"sh","ix":1,"ks":{"a":0,"k":{"i":[[20.519000000000002,-38.885000000000005],[27.544,-44.389],[36.914,-43.36],[41.619,-36.386],[41.619,0],[54.474,0],[54.474,-34.73],[52.817,-46.2],[41.5,-55.256],[28.403,-54.373],[20.808999999999997,-48.402],[18.892,-45.277],[18.892,-54.545],[6.605,-54.545],[6.605,0],[19.46,0],[19.46,-31.96]],"o":[[24.756,-43.289],[34.315,-44.389],[40.678,-39.239999999999995],[41.619,-32.741],[41.619,0],[54.474,0],[54.497,-41.169],[46.046,-53.444],[31.794,-55.256],[22.839,-50.846],[19.531,-45.277],[18.892,-45.277],[18.892,-54.545],[6.605,-54.545],[6.605,0],[19.46,0],[19.46,-35.842]],"v":[[22.638,-41.087],[31.001,-44.389],[38.796,-41.3],[41.619,-32.741],[41.619,0],[54.474,0],[54.474,-34.73],[49.432,-49.822],[35.795,-55.256],[25.621,-52.61],[19.531,-45.277],[18.892,-45.277],[18.892,-54.545],[6.605,-54.545],[6.605,0],[19.46,0],[19.46,-31.96]],"c":true},"ix":2},"nm":"n","mn":"ADBE Vector Shape - Group","hd":false,"_render":true},{"p":{"k":[0,0],"a":0},"s":{"k":[16,16],"a":0},"a":{"k":[0,0],"a":0},"r":{"k":0,"a":0},"o":{"k":100,"a":0},"sk":{"k":0,"a":0},"sa":{"k":0,"a":0},"ty":"tr","_render":true}],"nm":"n","np":3,"cix":2,"bm":0,"ix":1,"mn":"ADBE Vector Group","hd":false,"_render":true},{"ty":"no","_render":true}],"ip":0,"op":99999,"st":0,"sr":1,"ks":{"p":{"k":[0,0],"a":0},"s":{"k":[100,100],"a":0},"a":{"k":[0,0],"a":0},"r":{"k":0,"a":0},"o":{"k":100,"a":0}}},"fFamily":"Inter"},{"ch":"e","size":16,"style":"Semi Bold","w":59.27,"data":{"shapes":[{"ty":"gr","it":[{"ind":0,"ty":"sh","ix":1,"ks":{"a":0,"k":{"i":[[42.259,-0.34899999999999975],[53.314,-9.825],[42.472,-15.98],[40.187,-11.967],[33.747,-8.949],[23.384,-10.263],[17.057000000000002,-19.141000000000002],[55.007,-23.757],[55.007,-27.699],[54.344,-36.452],[49.87,-46.508],[42.595000000000006,-52.503],[33.51,-55.256],[20.413,-54.071999999999996],[9.558,-46.010999999999996],[4.261,-32.516],[6.6290000000000004,-11.542],[22.561999999999998,1.065]],"o":[[50.638999999999996,-6.007],[54.474,-14.631],[41.620000000000005,-13.707],[36.163,-9.552999999999999],[26.74,-8.949],[18.342,-15.519],[17.01,-23.757],[55.007,-23.757],[55.007,-32.339],[51.692,-43.626000000000005],[45.23,-50.864],[36.701,-54.705],[24.941,-55.256],[12.577000000000002,-49.336999999999996],[5.321,-37.441],[4.261,-18.359],[16.099,-1.4559999999999995],[37.025999999999996,1.065]],"v":[[46.449,-3.178],[54.474,-14.631],[42.472,-15.98],[38.175,-10.76],[30.93,-8.949],[20.863,-12.891],[17.01,-23.757],[55.007,-23.757],[55.007,-27.699],[53.018,-40.039],[47.55,-48.686],[39.648,-53.604],[30.078,-55.256],[16.495,-51.705],[7.44,-41.726],[4.261,-26.953],[11.364,-6.499],[30.753,1.065]],"c":true},"ix":2},"nm":"e","mn":"ADBE Vector Shape - Group","hd":false,"_render":true},{"ind":1,"ty":"sh","ix":2,"ks":{"a":0,"k":{"i":[[18.578,-39.057],[26.515,-45.241],[36.902,-44.04],[42.637,-36.162],[17.045,-32.422]],"o":[[23.430999999999997,-44.004999999999995],[33.925,-45.241],[41.471,-39.234],[42.685,-32.422],[17.258000000000003,-36.019999999999996]],"v":[[21.005,-41.531],[30.256,-45.241],[39.187,-41.637],[42.685,-32.422],[17.045,-32.422]],"c":true},"ix":2},"nm":"e","mn":"ADBE Vector Shape - Group","hd":false,"_render":true},{"p":{"k":[0,0],"a":0},"s":{"k":[16,16],"a":0},"a":{"k":[0,0],"a":0},"r":{"k":0,"a":0},"o":{"k":100,"a":0},"sk":{"k":0,"a":0},"sa":{"k":0,"a":0},"ty":"tr","_render":true}],"nm":"e","np":5,"cix":2,"bm":0,"ix":1,"mn":"ADBE Vector Group","hd":false,"_render":true},{"ty":"no","_render":true}],"ip":0,"op":99999,"st":0,"sr":1,"ks":{"p":{"k":[0,0],"a":0},"s":{"k":[100,100],"a":0},"a":{"k":[0,0],"a":0},"r":{"k":0,"a":0},"o":{"k":100,"a":0}}},"fFamily":"Inter"}],"__complete":true}