{"v":"5.7.6","fr":60,"ip":0,"op":123,"w":153,"h":115,"nm":"btn / 40px","ddd":0,"assets":[],"fonts":{"list":[{"fName":"Inter-SemiBold","fFamily":"Inter","fStyle":"Semi Bold","ascent":72.7264404296875}]},"layers":[{"ddd":0,"ind":1,"ty":4,"nm":"Shape Layer 2","parent":4,"sr":1,"ks":{"o":{"a":0,"k":100,"ix":11},"r":{"a":0,"k":0,"ix":10},"p":{"a":0,"k":[0.5,-15.5,0],"ix":2,"l":2},"a":{"a":0,"k":[0.5,-15.5,0],"ix":1,"l":2},"s":{"a":0,"k":[100,100,100],"ix":6,"l":2}},"ao":0,"shapes":[{"ty":"gr","it":[{"ind":0,"ty":"sh","ix":1,"ks":{"a":0,"k":{"i":[[-3.348,0],[0,-8.422],[8.422,0],[-0.625,7.688],[0,0],[0,0]],"o":[[8.422,0],[0,8.422],[-8.422,0],[0.625,-7.688],[0,0],[0,0]],"v":[[0,-15.25],[15.25,0],[0,15.25],[-15.25,0],[-11.359,-8.749],[-4.978,-0.511]],"c":false},"ix":2},"nm":"Path 1","mn":"ADBE Vector Shape - Group","hd":false},{"ty":"st","c":{"a":0,"k":[1,1,1,1],"ix":3},"o":{"a":0,"k":100,"ix":4},"w":{"a":0,"k":3,"ix":5},"lc":2,"lj":2,"bm":0,"nm":"Stroke 1","mn":"ADBE Vector Graphic - Stroke","hd":false},{"ty":"tr","p":{"a":0,"k":[0.5,-0.25],"ix":2},"a":{"a":0,"k":[0,0],"ix":1},"s":{"a":0,"k":[100,100],"ix":3},"r":{"a":0,"k":0,"ix":6},"o":{"a":0,"k":100,"ix":7},"sk":{"a":0,"k":0,"ix":4},"sa":{"a":0,"k":0,"ix":5},"nm":"Transform"}],"nm":"Ellipse 1","np":3,"cix":2,"bm":0,"ix":1,"mn":"ADBE Vector Group","hd":false},{"ty":"tm","s":{"a":1,"k":[{"i":{"x":[0.667],"y":[1]},"o":{"x":[0.333],"y":[0]},"t":18,"s":[0]},{"t":38,"s":[100]}],"ix":1},"e":{"a":1,"k":[{"i":{"x":[0.667],"y":[1]},"o":{"x":[0.333],"y":[0]},"t":29,"s":[0]},{"t":44,"s":[100]}],"ix":2},"o":{"a":0,"k":0,"ix":3},"m":1,"ix":2,"nm":"Trim Paths 1","mn":"ADBE Vector Filter - Trim","hd":false}],"ip":0,"op":3240,"st":0,"bm":0},{"ddd":0,"ind":2,"ty":4,"nm":"Shape Layer 1","parent":4,"sr":1,"ks":{"o":{"a":0,"k":100,"ix":11},"r":{"a":0,"k":0,"ix":10},"p":{"a":0,"k":[0,0,0],"ix":2,"l":2},"a":{"a":0,"k":[0,0,0],"ix":1,"l":2},"s":{"a":0,"k":[100,100,100],"ix":6,"l":2}},"ao":0,"shapes":[{"ty":"gr","it":[{"ind":0,"ty":"sh","ix":1,"ks":{"a":0,"k":{"i":[[0,0],[0,0],[0,0]],"o":[[0,0],[0,0],[0,0]],"v":[[-4.25,-0.375],[0,5.125],[6.375,-7.375]],"c":false},"ix":2},"nm":"Path 1","mn":"ADBE Vector Shape - Group","hd":false},{"ty":"tm","s":{"a":0,"k":0,"ix":1},"e":{"a":1,"k":[{"i":{"x":[0.667],"y":[1]},"o":{"x":[0.333],"y":[0]},"t":38,"s":[0]},{"t":53,"s":[100]}],"ix":2},"o":{"a":0,"k":0,"ix":3},"m":1,"ix":2,"nm":"Trim Paths 1","mn":"ADBE Vector Filter - Trim","hd":false},{"ty":"st","c":{"a":0,"k":[1,1,1,1],"ix":3},"o":{"a":0,"k":100,"ix":4},"w":{"a":0,"k":3,"ix":5},"lc":2,"lj":2,"bm":0,"nm":"Stroke 1","mn":"ADBE Vector Graphic - Stroke","hd":false},{"ty":"tr","p":{"a":0,"k":[0,0],"ix":2},"a":{"a":0,"k":[0,0],"ix":1},"s":{"a":0,"k":[100,100],"ix":3},"r":{"a":0,"k":0,"ix":6},"o":{"a":0,"k":100,"ix":7},"sk":{"a":0,"k":0,"ix":4},"sa":{"a":0,"k":0,"ix":5},"nm":"Transform"}],"nm":"Shape 1","np":4,"cix":2,"bm":0,"ix":1,"mn":"ADBE Vector Group","hd":false}],"ip":0,"op":3240,"st":0,"bm":0},{"ddd":0,"ind":3,"ty":5,"nm":"Primary","sr":1,"ks":{"o":{"a":1,"k":[{"i":{"x":[0.833],"y":[0.833]},"o":{"x":[0.167],"y":[0.167]},"t":11,"s":[100]},{"t":20,"s":[0]}],"ix":11},"r":{"a":0,"k":0,"ix":10},"p":{"a":0,"k":[75.233,56.07,0],"ix":2,"l":2},"a":{"a":0,"k":[0.233,-3.597,0],"ix":1,"l":2},"s":{"a":0,"k":[100,100,100],"ix":6,"l":2}},"ao":0,"t":{"d":{"k":[{"s":{"sz":[40.7999992370605,19],"ps":[-20.3999996185303,-9.5],"s":16,"f":"Inter-SemiBold","t":"Done","ca":0,"j":2,"tr":0,"lh":19.2,"ls":0,"fc":[1,1,1]},"t":0}]},"p":{},"m":{"g":1,"a":{"a":0,"k":[0,0],"ix":2}},"a":[]},"ip":0,"op":3240,"st":0,"bm":0},{"ddd":0,"ind":4,"ty":4,"nm":"btn / 40px","sr":1,"ks":{"o":{"a":0,"k":100,"ix":11},"r":{"a":0,"k":0,"ix":10},"p":{"a":0,"k":[75,57,0],"ix":2,"l":2},"a":{"a":0,"k":[0,0,0],"ix":1,"l":2},"s":{"a":1,"k":[{"i":{"x":[0.39,0.39,0.667],"y":[1,1,1]},"o":{"x":[0.333,0.333,0.333],"y":[0,0,0]},"t":26,"s":[100,100,100]},{"i":{"x":[0.104,0.104,0.667],"y":[1,1,1]},"o":{"x":[0.333,0.333,0.333],"y":[0,0,0]},"t":47,"s":[81,81,100]},{"t":88,"s":[100,100,100]}],"ix":6,"l":2}},"ao":0,"shapes":[{"ty":"gr","it":[{"ind":0,"ty":"sh","ix":1,"ks":{"a":1,"k":[{"i":{"x":0.19,"y":1},"o":{"x":0.81,"y":0},"t":0,"s":[{"i":[[0,-11.046],[11.046,0],[0,0],[3.655,4.77],[0,4.572],[-11.046,0],[0,0]],"o":[[0,11.046],[0,0],[-6.474,0],[-2.582,-3.369],[0,-11.046],[0,0],[11.046,0]],"v":[[50,0],[30,20],[-30,20],[-45.884,12.155],[-50,0],[-30,-20],[30,-20]],"c":true}]},{"i":{"x":0.833,"y":1},"o":{"x":0.81,"y":0},"t":30,"s":[{"i":[[0,-11.046],[11.046,0],[0,0],[3.655,4.77],[0,4.572],[-11.046,0],[0,0]],"o":[[0,11.046],[0,0],[-6.474,0],[-2.582,-3.369],[0,-11.046],[0,0],[11.046,0]],"v":[[20.75,0],[0.75,20],[0.5,20],[-15.384,12.155],[-19.5,0],[0.5,-20],[0.75,-20]],"c":true}]},{"i":{"x":0.19,"y":1},"o":{"x":0.167,"y":0},"t":51,"s":[{"i":[[2.037,-9.788],[11.046,0],[0,0],[8.918,7.134],[0,4.832],[-9.064,-5.081],[0,0]],"o":[[-2.25,10.814],[0,0],[-6.213,0],[-6.936,-5.548],[0,-11.046],[0,0],[10.261,5.166]],"v":[[22.432,-6.882],[11.149,24.817],[10.899,24.817],[-19.149,15.754],[-28.064,-4.894],[1.723,-29.023],[1.973,-29.023]],"c":true}]},{"t":65,"s":[{"i":[[0,-11.046],[11.046,0],[0,0],[3.655,4.77],[0,4.572],[-11.046,0],[0,0]],"o":[[0,11.046],[0,0],[-6.474,0],[-2.582,-3.369],[0,-11.046],[0,0],[11.046,0]],"v":[[20.75,0],[0.75,20],[0.5,20],[-15.384,12.155],[-19.5,0],[0.5,-20],[0.75,-20]],"c":true}]}],"ix":2},"nm":"Path 1","mn":"ADBE Vector Shape - Group","hd":false},{"ty":"fl","c":{"a":0,"k":[0.19607843137254902,0.8,0.4666666666666667,1],"ix":4},"o":{"a":0,"k":100,"ix":5},"r":1,"bm":0,"nm":"Fill 1","mn":"ADBE Vector Graphic - Fill","hd":false},{"ty":"tr","p":{"a":0,"k":[0,0],"ix":2},"a":{"a":0,"k":[0,0],"ix":1},"s":{"a":0,"k":[100,100],"ix":3},"r":{"a":0,"k":0,"ix":6},"o":{"a":0,"k":100,"ix":7},"sk":{"a":0,"k":0,"ix":4},"sa":{"a":0,"k":0,"ix":5},"nm":"Transform"}],"nm":"btn / 40px","np":2,"cix":2,"bm":0,"ix":1,"mn":"ADBE Vector Group","hd":false}],"ip":0,"op":3240,"st":0,"bm":0},{"ddd":0,"ind":5,"ty":4,"nm":"Shape Layer 7","sr":1,"ks":{"o":{"a":0,"k":100,"ix":11},"r":{"a":0,"k":0,"ix":10},"p":{"a":1,"k":[{"i":{"x":0.2,"y":1},"o":{"x":0.333,"y":0},"t":30,"s":[75.625,57.75,0],"to":[0.125,-5.167,0],"ti":[0,0,0]},{"i":{"x":0.19,"y":0.19},"o":{"x":0.297,"y":0.297},"t":53,"s":[76.375,26.75,0],"to":[0,0,0],"ti":[0,0,0]},{"i":{"x":0.19,"y":1},"o":{"x":0.81,"y":0},"t":56,"s":[76.375,26.75,0],"to":[-0.125,5.167,0],"ti":[0.048,-1.996,0]},{"t":75,"s":[75.625,57.75,0]}],"ix":2,"l":2},"a":{"a":0,"k":[29.875,1.625,0],"ix":1,"l":2},"s":{"a":1,"k":[{"i":{"x":[0.2,0.2,0.2],"y":[1,1,1]},"o":{"x":[0.333,0.333,0.333],"y":[0,0,0]},"t":30,"s":[0,0,100]},{"i":{"x":[0.19,0.19,0.19],"y":[1,1,1]},"o":{"x":[0.297,0.297,0.297],"y":[0,0,0]},"t":53,"s":[50,50,100]},{"i":{"x":[0.19,0.19,0.19],"y":[1,1,1]},"o":{"x":[0.81,0.81,0.81],"y":[0,0,0]},"t":56,"s":[50,50,100]},{"t":75,"s":[0,0,100]}],"ix":6,"l":2}},"ao":0,"shapes":[{"ty":"gr","it":[{"d":1,"ty":"el","s":{"a":0,"k":[6.25,6.25],"ix":2},"p":{"a":0,"k":[0,0],"ix":3},"nm":"Ellipse Path 1","mn":"ADBE Vector Shape - Ellipse","hd":false},{"ty":"fl","c":{"a":0,"k":[0.19607843137254902,0.8431372549019608,0.48627450980392156,1],"ix":4},"o":{"a":0,"k":100,"ix":5},"r":1,"bm":0,"nm":"Fill 1","mn":"ADBE Vector Graphic - Fill","hd":false},{"ty":"tr","p":{"a":0,"k":[29.875,1.625],"ix":2},"a":{"a":0,"k":[0,0],"ix":1},"s":{"a":0,"k":[100,100],"ix":3},"r":{"a":0,"k":0,"ix":6},"o":{"a":0,"k":100,"ix":7},"sk":{"a":0,"k":0,"ix":4},"sa":{"a":0,"k":0,"ix":5},"nm":"Transform"}],"nm":"Ellipse 1","np":3,"cix":2,"bm":0,"ix":1,"mn":"ADBE Vector Group","hd":false}],"ip":0,"op":3240,"st":0,"bm":0},{"ddd":0,"ind":6,"ty":4,"nm":"Shape Layer 6","sr":1,"ks":{"o":{"a":0,"k":100,"ix":11},"r":{"a":0,"k":0,"ix":10},"p":{"a":1,"k":[{"i":{"x":0.2,"y":1},"o":{"x":0.333,"y":0},"t":33,"s":[76.375,57,0],"to":[3.458,4.417,0],"ti":[0,0,0]},{"i":{"x":0.19,"y":0.19},"o":{"x":0.297,"y":0.297},"t":56,"s":[97.125,83.5,0],"to":[0,0,0],"ti":[0,0,0]},{"i":{"x":0.19,"y":1},"o":{"x":0.81,"y":0},"t":59,"s":[97.125,83.5,0],"to":[-3.458,-4.417,0],"ti":[1.336,1.707,0]},{"t":78,"s":[76.375,57,0]}],"ix":2,"l":2},"a":{"a":0,"k":[29.875,1.625,0],"ix":1,"l":2},"s":{"a":1,"k":[{"i":{"x":[0.2,0.2,0.2],"y":[1,1,1]},"o":{"x":[0.333,0.333,0.333],"y":[0,0,0]},"t":33,"s":[0,0,100]},{"i":{"x":[0.19,0.19,0.19],"y":[1,1,1]},"o":{"x":[0.297,0.297,0.297],"y":[0,0,0]},"t":56,"s":[89,89,100]},{"i":{"x":[0.19,0.19,0.19],"y":[1,1,1]},"o":{"x":[0.81,0.81,0.81],"y":[0,0,0]},"t":59,"s":[89,89,100]},{"t":78,"s":[0,0,100]}],"ix":6,"l":2}},"ao":0,"shapes":[{"ty":"gr","it":[{"d":1,"ty":"el","s":{"a":0,"k":[6.25,6.25],"ix":2},"p":{"a":0,"k":[0,0],"ix":3},"nm":"Ellipse Path 1","mn":"ADBE Vector Shape - Ellipse","hd":false},{"ty":"fl","c":{"a":0,"k":[0.19607843137254902,0.8431372549019608,0.48627450980392156,1],"ix":4},"o":{"a":0,"k":100,"ix":5},"r":1,"bm":0,"nm":"Fill 1","mn":"ADBE Vector Graphic - Fill","hd":false},{"ty":"tr","p":{"a":0,"k":[29.875,1.625],"ix":2},"a":{"a":0,"k":[0,0],"ix":1},"s":{"a":0,"k":[100,100],"ix":3},"r":{"a":0,"k":0,"ix":6},"o":{"a":0,"k":100,"ix":7},"sk":{"a":0,"k":0,"ix":4},"sa":{"a":0,"k":0,"ix":5},"nm":"Transform"}],"nm":"Ellipse 1","np":3,"cix":2,"bm":0,"ix":1,"mn":"ADBE Vector Group","hd":false}],"ip":3,"op":3243,"st":3,"bm":0},{"ddd":0,"ind":7,"ty":4,"nm":"Shape Layer 5","sr":1,"ks":{"o":{"a":0,"k":100,"ix":11},"r":{"a":0,"k":0,"ix":10},"p":{"a":1,"k":[{"i":{"x":0.2,"y":1},"o":{"x":0.333,"y":0},"t":36,"s":[74.625,56.5,0],"to":[-4.625,-1.542,0],"ti":[0,0,0]},{"i":{"x":0.19,"y":0.19},"o":{"x":0.297,"y":0.297},"t":59,"s":[46.875,47.25,0],"to":[0,0,0],"ti":[0,0,0]},{"i":{"x":0.19,"y":1},"o":{"x":0.81,"y":0},"t":62,"s":[46.875,47.25,0],"to":[4.625,1.542,0],"ti":[-1.787,-0.596,0]},{"t":81,"s":[74.625,56.5,0]}],"ix":2,"l":2},"a":{"a":0,"k":[29.875,1.625,0],"ix":1,"l":2},"s":{"a":1,"k":[{"i":{"x":[0.2,0.2,0.2],"y":[1,1,1]},"o":{"x":[0.333,0.333,0.333],"y":[0,0,0]},"t":36,"s":[0,0,100]},{"i":{"x":[0.19,0.19,0.19],"y":[1,1,1]},"o":{"x":[0.297,0.297,0.297],"y":[0,0,0]},"t":59,"s":[89,89,100]},{"i":{"x":[0.19,0.19,0.19],"y":[1,1,1]},"o":{"x":[0.81,0.81,0.81],"y":[0,0,0]},"t":62,"s":[89,89,100]},{"t":81,"s":[0,0,100]}],"ix":6,"l":2}},"ao":0,"shapes":[{"ty":"gr","it":[{"d":1,"ty":"el","s":{"a":0,"k":[6.25,6.25],"ix":2},"p":{"a":0,"k":[0,0],"ix":3},"nm":"Ellipse Path 1","mn":"ADBE Vector Shape - Ellipse","hd":false},{"ty":"fl","c":{"a":0,"k":[0.19607843137254902,0.8431372549019608,0.48627450980392156,1],"ix":4},"o":{"a":0,"k":100,"ix":5},"r":1,"bm":0,"nm":"Fill 1","mn":"ADBE Vector Graphic - Fill","hd":false},{"ty":"tr","p":{"a":0,"k":[29.875,1.625],"ix":2},"a":{"a":0,"k":[0,0],"ix":1},"s":{"a":0,"k":[100,100],"ix":3},"r":{"a":0,"k":0,"ix":6},"o":{"a":0,"k":100,"ix":7},"sk":{"a":0,"k":0,"ix":4},"sa":{"a":0,"k":0,"ix":5},"nm":"Transform"}],"nm":"Ellipse 1","np":3,"cix":2,"bm":0,"ix":1,"mn":"ADBE Vector Group","hd":false}],"ip":6,"op":3246,"st":6,"bm":0},{"ddd":0,"ind":8,"ty":4,"nm":"Shape Layer 4","sr":1,"ks":{"o":{"a":0,"k":100,"ix":11},"r":{"a":0,"k":0,"ix":10},"p":{"a":1,"k":[{"i":{"x":0.2,"y":1},"o":{"x":0.333,"y":0},"t":39,"s":[75.375,56.5,0],"to":[-4.417,3.292,0],"ti":[0,0,0]},{"i":{"x":0.19,"y":0.19},"o":{"x":0.297,"y":0.297},"t":62,"s":[48.875,76.25,0],"to":[0,0,0],"ti":[0,0,0]},{"i":{"x":0.19,"y":1},"o":{"x":0.81,"y":0},"t":65,"s":[48.875,76.25,0],"to":[4.417,-3.292,0],"ti":[-1.707,1.272,0]},{"t":84,"s":[75.375,56.5,0]}],"ix":2,"l":2},"a":{"a":0,"k":[29.875,1.625,0],"ix":1,"l":2},"s":{"a":1,"k":[{"i":{"x":[0.2,0.2,0.2],"y":[1,1,1]},"o":{"x":[0.333,0.333,0.333],"y":[0,0,0]},"t":39,"s":[0,0,100]},{"i":{"x":[0.19,0.19,0.19],"y":[1,1,1]},"o":{"x":[0.297,0.297,0.297],"y":[0,0,0]},"t":62,"s":[56,56,100]},{"i":{"x":[0.19,0.19,0.19],"y":[1,1,1]},"o":{"x":[0.81,0.81,0.81],"y":[0,0,0]},"t":65,"s":[56,56,100]},{"t":84,"s":[0,0,100]}],"ix":6,"l":2}},"ao":0,"shapes":[{"ty":"gr","it":[{"d":1,"ty":"el","s":{"a":0,"k":[6.25,6.25],"ix":2},"p":{"a":0,"k":[0,0],"ix":3},"nm":"Ellipse Path 1","mn":"ADBE Vector Shape - Ellipse","hd":false},{"ty":"fl","c":{"a":0,"k":[0.19607843137254902,0.8431372549019608,0.48627450980392156,1],"ix":4},"o":{"a":0,"k":100,"ix":5},"r":1,"bm":0,"nm":"Fill 1","mn":"ADBE Vector Graphic - Fill","hd":false},{"ty":"tr","p":{"a":0,"k":[29.875,1.625],"ix":2},"a":{"a":0,"k":[0,0],"ix":1},"s":{"a":0,"k":[100,100],"ix":3},"r":{"a":0,"k":0,"ix":6},"o":{"a":0,"k":100,"ix":7},"sk":{"a":0,"k":0,"ix":4},"sa":{"a":0,"k":0,"ix":5},"nm":"Transform"}],"nm":"Ellipse 1","np":3,"cix":2,"bm":0,"ix":1,"mn":"ADBE Vector Group","hd":false}],"ip":9,"op":3249,"st":9,"bm":0},{"ddd":0,"ind":9,"ty":4,"nm":"Shape Layer 3","sr":1,"ks":{"o":{"a":0,"k":100,"ix":11},"r":{"a":0,"k":0,"ix":10},"p":{"a":1,"k":[{"i":{"x":0.2,"y":1},"o":{"x":0.333,"y":0},"t":42,"s":[75.125,57.875,0],"to":[4.625,-2.042,0],"ti":[0,0,0]},{"i":{"x":0.19,"y":0.19},"o":{"x":0.297,"y":0.297},"t":65,"s":[102.875,45.625,0],"to":[0,0,0],"ti":[0,0,0]},{"i":{"x":0.19,"y":1},"o":{"x":0.81,"y":0},"t":68,"s":[102.875,45.625,0],"to":[-4.625,2.042,0],"ti":[1.787,-0.789,0]},{"t":87,"s":[75.125,57.875,0]}],"ix":2,"l":2},"a":{"a":0,"k":[29.875,1.625,0],"ix":1,"l":2},"s":{"a":1,"k":[{"i":{"x":[0.2,0.2,0.2],"y":[1,1,1]},"o":{"x":[0.333,0.333,0.333],"y":[0,0,0]},"t":42,"s":[0,0,100]},{"i":{"x":[0.19,0.19,0.19],"y":[1,1,1]},"o":{"x":[0.297,0.297,0.297],"y":[0,0,0]},"t":65,"s":[100,100,100]},{"i":{"x":[0.19,0.19,0.19],"y":[1,1,1]},"o":{"x":[0.81,0.81,0.81],"y":[0,0,0]},"t":68,"s":[100,100,100]},{"t":87,"s":[0,0,100]}],"ix":6,"l":2}},"ao":0,"shapes":[{"ty":"gr","it":[{"d":1,"ty":"el","s":{"a":0,"k":[6.25,6.25],"ix":2},"p":{"a":0,"k":[0,0],"ix":3},"nm":"Ellipse Path 1","mn":"ADBE Vector Shape - Ellipse","hd":false},{"ty":"fl","c":{"a":0,"k":[0.19607843137254902,0.8431372549019608,0.48627450980392156,1],"ix":4},"o":{"a":0,"k":100,"ix":5},"r":1,"bm":0,"nm":"Fill 1","mn":"ADBE Vector Graphic - Fill","hd":false},{"ty":"tr","p":{"a":0,"k":[29.875,1.625],"ix":2},"a":{"a":0,"k":[0,0],"ix":1},"s":{"a":0,"k":[100,100],"ix":3},"r":{"a":0,"k":0,"ix":6},"o":{"a":0,"k":100,"ix":7},"sk":{"a":0,"k":0,"ix":4},"sa":{"a":0,"k":0,"ix":5},"nm":"Transform"}],"nm":"Ellipse 1","np":3,"cix":2,"bm":0,"ix":1,"mn":"ADBE Vector Group","hd":false}],"ip":12,"op":3252,"st":12,"bm":0}],"markers":[],"chars":[{"ch":"D","size":16,"style":"Semi Bold","w":72.44,"data":{"shapes":[{"ty":"gr","it":[{"ind":0,"ty":"sh","ix":1,"ks":{"a":0,"k":{"i":[[-6.238,6.451],[0,11.387],[6.179,6.44],[10.843,0],[0,0],[0,0],[0,0]],"o":[[6.238,-6.451],[0,-11.316],[-6.179,-6.439],[0,0],[0,0],[0,0],[11.056,0]],"v":[[57.759,-9.677],[67.116,-36.435],[57.848,-63.068],[32.315,-72.727],[7.173,-72.727],[7.173,0],[31.818,0]],"c":true},"ix":2},"nm":"D","mn":"ADBE Vector Shape - Group","hd":false},{"ind":1,"ty":"sh","ix":2,"ks":{"a":0,"k":{"i":[[0,0],[0,0],[-3.788,-4.155],[0,-8.286],[15.246,0],[0,0]],"o":[[0,0],[7.41,0],[3.788,4.155],[0,16.69],[0,0],[0,0]],"v":[[20.348,-61.328],[31.57,-61.328],[48.366,-55.096],[54.048,-36.435],[31.179,-11.399],[20.348,-11.399]],"c":true},"ix":2},"nm":"D","mn":"ADBE Vector Shape - Group","hd":false}],"nm":"D","np":5,"cix":2,"bm":0,"ix":1,"mn":"ADBE Vector Group","hd":false}]},"fFamily":"Inter"},{"ch":"o","size":16,"style":"Semi Bold","w":60.79,"data":{"shapes":[{"ty":"gr","it":[{"ind":0,"ty":"sh","ix":1,"ks":{"a":0,"k":{"i":[[-2.119,4.25],[0,5.587],[2.118,4.261],[3.965,2.344],[5.256,0],[3.965,-2.344],[2.118,-4.261],[0,-5.587],[-2.119,-4.249],[-3.966,-2.332],[-5.256,0],[-3.966,2.332]],"o":[[2.118,-4.249],[0,-5.587],[-2.119,-4.261],[-3.966,-2.344],[-5.256,0],[-3.966,2.344],[-2.119,4.261],[0,5.587],[2.118,4.25],[3.965,2.332],[5.256,0],[3.965,-2.332]],"v":[[53.356,-12.305],[56.534,-27.06],[53.356,-41.832],[44.229,-51.74],[30.398,-55.256],[16.566,-51.74],[7.44,-41.832],[4.261,-27.06],[7.44,-12.305],[16.566,-2.433],[30.398,1.065],[44.229,-2.433]],"c":true},"ix":2},"nm":"o","mn":"ADBE Vector Shape - Group","hd":false},{"ind":1,"ty":"sh","ix":2,"ks":{"a":0,"k":{"i":[[2.012,1.61],[0.947,2.64],[0,3.409],[-0.557,2.155],[-1.065,1.634],[-1.693,0.936],[-2.155,0],[-2.001,-1.634],[-0.936,-2.651],[0,-3.409],[0.947,-2.639],[1.989,-1.61],[2.817,0]],"o":[[-2.012,-1.61],[-0.947,-2.639],[0,-2.533],[0.556,-2.154],[1.065,-1.634],[1.692,-0.935],[2.817,0],[2,1.634],[0.935,2.652],[0,3.409],[-0.947,2.64],[-1.989,1.61],[-2.865,0]],"v":[[23.153,-11.648],[18.714,-18.022],[17.294,-27.095],[18.129,-34.126],[20.561,-39.808],[24.698,-43.661],[30.469,-45.064],[37.695,-42.614],[42.099,-36.186],[43.501,-27.095],[42.081,-18.022],[37.678,-11.648],[30.469,-9.233]],"c":true},"ix":2},"nm":"o","mn":"ADBE Vector Shape - Group","hd":false}],"nm":"o","np":5,"cix":2,"bm":0,"ix":1,"mn":"ADBE Vector Group","hd":false}]},"fFamily":"Inter"},{"ch":"n","size":16,"style":"Semi Bold","w":60.97,"data":{"shapes":[{"ty":"gr","it":[{"ind":0,"ty":"sh","ix":1,"ks":{"a":0,"k":{"i":[[-2.119,2.202],[-3.457,0],[-1.882,-2.06],[0,-3.645],[0,0],[0,0],[0,0],[3.385,3.622],[5.705,0],[2.782,-1.763],[1.278,-3.125],[0,0],[0,0],[0,0],[0,0],[0,0],[0,0]],"o":[[2.118,-2.202],[3.314,0],[1.882,2.06],[0,0],[0,0],[0,0],[0.023,-6.439],[-3.386,-3.622],[-4.001,0],[-2.782,1.764],[0,0],[0,0],[0,0],[0,0],[0,0],[0,0],[0,-3.882]],"v":[[22.638,-41.087],[31.001,-44.389],[38.796,-41.3],[41.619,-32.741],[41.619,0],[54.474,0],[54.474,-34.73],[49.432,-49.822],[35.795,-55.256],[25.621,-52.61],[19.531,-45.277],[18.892,-45.277],[18.892,-54.545],[6.605,-54.545],[6.605,0],[19.46,0],[19.46,-31.96]],"c":true},"ix":2},"nm":"n","mn":"ADBE Vector Shape - Group","hd":false}],"nm":"n","np":3,"cix":2,"bm":0,"ix":1,"mn":"ADBE Vector Group","hd":false}]},"fFamily":"Inter"},{"ch":"e","size":16,"style":"Semi Bold","w":59.27,"data":{"shapes":[{"ty":"gr","it":[{"ind":0,"ty":"sh","ix":1,"ks":{"a":0,"k":{"i":[[-4.19,2.829],[-1.16,4.806],[0,0],[2.012,-1.207],[2.817,0],[2.521,2.628],[0.047,4.616],[0,0],[0,0],[1.326,3.587],[2.32,2.178],[2.947,1.101],[3.432,0],[3.918,-2.367],[2.118,-4.285],[0,-5.563],[-4.735,-5.043],[-8.191,0]],"o":[[4.19,-2.829],[0,0],[-0.852,2.273],[-2.012,1.207],[-4.19,0],[-2.521,-2.628],[0,0],[0,0],[0,-4.64],[-1.326,-3.587],[-2.32,-2.178],[-2.947,-1.101],[-5.137,0],[-3.918,2.368],[-2.119,4.285],[0,8.594],[4.735,5.043],[6.273,0]],"v":[[46.449,-3.178],[54.474,-14.631],[42.472,-15.98],[38.175,-10.76],[30.93,-8.949],[20.863,-12.891],[17.01,-23.757],[55.007,-23.757],[55.007,-27.699],[53.018,-40.039],[47.55,-48.686],[39.648,-53.604],[30.078,-55.256],[16.495,-51.705],[7.44,-41.726],[4.261,-26.953],[11.364,-6.499],[30.753,1.065]],"c":true},"ix":2},"nm":"e","mn":"ADBE Vector Shape - Group","hd":false},{"ind":1,"ty":"sh","ix":2,"ks":{"a":0,"k":{"i":[[-2.427,2.474],[-3.741,0],[-2.285,-2.403],[-0.048,-3.74],[0,0]],"o":[[2.426,-2.474],[3.669,0],[2.284,2.403],[0,0],[0.213,-3.598]],"v":[[21.005,-41.531],[30.256,-45.241],[39.187,-41.637],[42.685,-32.422],[17.045,-32.422]],"c":true},"ix":2},"nm":"e","mn":"ADBE Vector Shape - Group","hd":false}],"nm":"e","np":5,"cix":2,"bm":0,"ix":1,"mn":"ADBE Vector Group","hd":false}]},"fFamily":"Inter"}]}